run_timestamp,combinations_queried,postings_fetched,new_inserts,skipped_duplicates,malformed_skipped,actual_api_calls,pagination_warnings
2026-08-02T07:31:03.108188+00:00,10,925,0,925,0,19,8
2026-08-02T07:31:55.872243+00:00,10,925,0,925,0,19,8
2026-08-02T08:03:15.088698+00:00,10,925,1,924,0,19,8
2026-08-03T05:40:38.427108+00:00,10,925,33,892,0,19,8
2026-08-10T03:52:31.947127+00:00,10,930,146,784,0,19,8
2026-08-17T02:57:32.336494+00:00,10,927,123,804,0,20,8
2026-08-23T16:40:23.813095+00:00,10,940,144,796,0,20,8
2026-08-24T03:00:57.421760+00:00,10,540,1,539,4,12,4
2026-08-31T08:06:43.174198+00:00,10,960,230,730,0,20,8
2026-09-07T07:00:12.319647+00:00,10,100,27,73,9,2,1
2026-09-14T07:33:56.993847+00:00,10,943,259,684,0,20,8
2026-09-21T07:37:41.596781+00:00,10,937,139,798,0,20,8
2026-09-28T08:13:25.903547+00:00,10,946,158,788,0,20,8
