skill,posting_count,data_analyst_count,business_analyst_count
SQL,186,148,38
Python,105,89,16
Power BI,88,67,21
ETL,71,61,10
Excel,68,49,19
Tableau,60,51,9
Machine Learning,46,31,15
SAP,46,13,33
Azure,36,25,11
Snowflake,28,24,4
AWS,27,20,7
GCP,22,18,4
Statistics,22,19,3
Spark,18,17,1
BigQuery,14,12,2
Looker,13,12,1
dbt,13,11,2
Hadoop,10,10,0
R,10,9,1
Airflow,8,7,1
Pandas,7,6,1
Kafka,5,1,4
NumPy,5,5,0
VBA,5,5,0
Linux,4,1,3
Git,3,2,1
GitHub,3,2,1
Redshift,3,3,0
Scikit-learn,2,2,0
TensorFlow,1,1,0
